"Survival","Log_size","Species"
1,4.508108473,"LE"
1,4.566948973,"LE"
0,6.376726948,"LE"
1,7.268484493,"LE"
0,5.049856007,"LE"
0,6.579251212,"LE"
1,6.982862751,"LE"
1,5.991464547,"LE"
1,6.8134446,"LE"
0,5.875632732,"LE"
