"Survival","Log_size","Species"
0,3.912023005,"LE"
1,3.988984047,"LE"
1,5.097577224,"LE"
1,4.317488114,"LE"
1,7.219367478,"LE"
